comid,statistic,variable,year,month,value
2823750,mean,estimated,1950,1,828.4254425
2823750,mean,estimated,1950,2,1682.86053
2823750,mean,estimated,1950,3,1794.300924
2823750,mean,estimated,1950,4,3620.714267
2823750,mean,estimated,1950,5,4987.455052
2823750,mean,estimated,1950,6,2969.354005
2823750,mean,estimated,1950,7,1197.856856
2823750,mean,estimated,1950,8,487.267016
2823750,mean,estimated,1950,9,328.77287
2823750,mean,estimated,1950,10,463.6809624
2823750,mean,estimated,1950,11,5451.463542
2823750,mean,estimated,1950,12,6887.804356
2823750,mean,estimated,1951,1,3310.563747
2823750,mean,estimated,1951,2,3097.950051
2823750,mean,estimated,1951,3,2264.915599
2823750,mean,estimated,1951,4,3966.627864
2823750,mean,estimated,1951,5,5351.461588
2823750,mean,estimated,1951,6,2026.203746
2823750,mean,estimated,1951,7,855.9718432
2823750,mean,estimated,1951,8,408.7591376
2823750,mean,estimated,1951,9,264.666581
2823750,mean,estimated,1951,10,284.3060341
2823750,mean,estimated,1951,11,537.6225541
2823750,mean,estimated,1951,12,1498.510107
2823750,mean,estimated,1952,1,1903.054894
2823750,mean,estimated,1952,2,2414.532561
2823750,mean,estimated,1952,3,3480.639904
2823750,mean,estimated,1952,4,5922.813717
2823750,mean,estimated,1952,5,10117.35412
2823750,mean,estimated,1952,6,6301.291934
2823750,mean,estimated,1952,7,2517.442886
2823750,mean,estimated,1952,8,678.0720546
2823750,mean,estimated,1952,9,575.6078763
2823750,mean,estimated,1952,10,410.7351821
2823750,mean,estimated,1952,11,276.4758032
2823750,mean,estimated,1952,12,868.3835
2823750,mean,estimated,1953,1,1402.288013
2823750,mean,estimated,1953,2,1131.66645
2823750,mean,estimated,1953,3,1527.201035
2823750,mean,estimated,1953,4,2683.886862
2823750,mean,estimated,1953,5,4153.421787
2823750,mean,estimated,1953,6,3258.665875
2823750,mean,estimated,1953,7,1136.976795
2823750,mean,estimated,1953,8,487.6007387
2823750,mean,estimated,1953,9,345.1068574
2823750,mean,estimated,1953,10,275.6344885
2823750,mean,estimated,1953,11,402.5278328
2823750,mean,estimated,1953,12,614.5009045
2823750,mean,estimated,1954,1,706.6605235
2823750,mean,estimated,1954,2,1418.902746
2823750,mean,estimated,1954,3,2525.718311
2823750,mean,estimated,1954,4,4207.551287
2823750,mean,estimated,1954,5,5110.975357
2823750,mean,estimated,1954,6,2427.353638
2823750,mean,estimated,1954,7,809.1715989
2823750,mean,estimated,1954,8,366.0947066
2823750,mean,estimated,1954,9,299.2891181
2823750,mean,estimated,1954,10,234.0751258
2823750,mean,estimated,1954,11,328.2975814
2823750,mean,estimated,1954,12,705.3799403
2823750,mean,estimated,1955,1,692.4922504
2823750,mean,estimated,1955,2,1103.325669
2823750,mean,estimated,1955,3,1418.819687
2823750,mean,estimated,1955,4,2524.803823
2823750,mean,estimated,1955,5,4551.58984
2823750,mean,estimated,1955,6,2439.99393
2823750,mean,estimated,1955,7,907.2584891
2823750,mean,estimated,1955,8,412.3532526
2823750,mean,estimated,1955,9,264.1884661
2823750,mean,estimated,1955,10,226.2963076
2823750,mean,estimated,1955,11,231.1149381
2823750,mean,estimated,1955,12,9043.942027
2823750,mean,estimated,1956,1,6222.298133
2823750,mean,estimated,1956,2,3154.894065
2823750,mean,estimated,1956,3,2794.506157
2823750,mean,estimated,1956,4,4211.885579
2823750,mean,estimated,1956,5,7900.413085
2823750,mean,estimated,1956,6,5148.528056
2823750,mean,estimated,1956,7,1662.765787
2823750,mean,estimated,1956,8,663.2361385
2823750,mean,estimated,1956,9,406.8843083
2823750,mean,estimated,1956,10,480.2776451
2823750,mean,estimated,1956,11,461.0390679
2823750,mean,estimated,1956,12,575.3224019
2823750,mean,estimated,1957,1,572.1986556
2823750,mean,estimated,1957,2,1142.756947
2823750,mean,estimated,1957,3,1519.611766
2823750,mean,estimated,1957,4,2651.450022
2823750,mean,estimated,1957,5,4390.678587
2823750,mean,estimated,1957,6,3201.680175
2823750,mean,estimated,1957,7,773.6582567
2823750,mean,estimated,1957,8,352.7758784
2823750,mean,estimated,1957,9,270.4637943
2823750,mean,estimated,1957,10,310.1738821
2823750,mean,estimated,1957,11,442.410536
2823750,mean,estimated,1957,12,735.1429047
2823750,mean,estimated,1958,1,791.6532334
2823750,mean,estimated,1958,2,2804.741429
2823750,mean,estimated,1958,3,3477.598732
2823750,mean,estimated,1958,4,5902.187258
2823750,mean,estimated,1958,5,9684.098087
2823750,mean,estimated,1958,6,6093.211282
2823750,mean,estimated,1958,7,1969.390083
2823750,mean,estimated,1958,8,664.5786035
2823750,mean,estimated,1958,9,559.1874472
2823750,mean,estimated,1958,10,452.3169473
2823750,mean,estimated,1958,11,304.6685491
2823750,mean,estimated,1958,12,524.4115501
2823750,mean,estimated,1959,1,720.464963
2823750,mean,estimated,1959,2,1459.289075
2823750,mean,estimated,1959,3,1498.003281
2823750,mean,estimated,1959,4,2409.354155
2823750,mean,estimated,1959,5,2979.07082
2823750,mean,estimated,1959,6,1336.572666
2823750,mean,estimated,1959,7,448.3664336
2823750,mean,estimated,1959,8,325.1086274
2823750,mean,estimated,1959,9,394.6247442
2823750,mean,estimated,1959,10,264.2843438
2823750,mean,estimated,1959,11,210.1396206
2823750,mean,estimated,1959,12,330.9914443
2823750,mean,estimated,1960,1,373.6461161
2823750,mean,estimated,1960,2,1492.105394
2823750,mean,estimated,1960,3,1849.817388
2823750,mean,estimated,1960,4,2938.013122
2823750,mean,estimated,1960,5,3884.133634
2823750,mean,estimated,1960,6,1686.003065
2823750,mean,estimated,1960,7,483.8162294
2823750,mean,estimated,1960,8,349.5401437
2823750,mean,estimated,1960,9,283.3295236
2823750,mean,estimated,1960,10,229.09329
2823750,mean,estimated,1960,11,314.6407934
2823750,mean,estimated,1960,12,504.4294999
2823750,mean,estimated,1961,1,388.0553975
2823750,mean,estimated,1961,2,645.8925095
2823750,mean,estimated,1961,3,918.5686979
2823750,mean,estimated,1961,4,2280.547873
2823750,mean,estimated,1961,5,2671.867796
2823750,mean,estimated,1961,6,1497.863943
2823750,mean,estimated,1961,7,533.2521337
2823750,mean,estimated,1961,8,332.4201176
2823750,mean,estimated,1961,9,308.581197
2823750,mean,estimated,1961,10,256.9604132
2823750,mean,estimated,1961,11,331.5689766
2823750,mean,estimated,1961,12,537.2144596
2823750,mean,estimated,1962,1,359.602069
2823750,mean,estimated,1962,2,2627.467304
2823750,mean,estimated,1962,3,2095.505763
2823750,mean,estimated,1962,4,4447.04663
2823750,mean,estimated,1962,5,5223.42395
2823750,mean,estimated,1962,6,3082.496835
2823750,mean,estimated,1962,7,923.4170565
2823750,mean,estimated,1962,8,483.7880328
2823750,mean,estimated,1962,9,366.5480743
2823750,mean,estimated,1962,10,430.9497361
2823750,mean,estimated,1962,11,322.9608144
2823750,mean,estimated,1962,12,557.9616221
2823750,mean,estimated,1963,1,1054.203392
2823750,mean,estimated,1963,2,2003.079029
2823750,mean,estimated,1963,3,2268.746018
2823750,mean,estimated,1963,4,3742.506746
2823750,mean,estimated,1963,5,6884.972549
2823750,mean,estimated,1963,6,5990.042554
2823750,mean,estimated,1963,7,1591.572219
2823750,mean,estimated,1963,8,580.7422836
2823750,mean,estimated,1963,9,446.3955697
2823750,mean,estimated,1963,10,512.7194648
2823750,mean,estimated,1963,11,1144.246783
2823750,mean,estimated,1963,12,785.1285609
2823750,mean,estimated,1964,1,766.4713975
2823750,mean,estimated,1964,2,824.7403895
2823750,mean,estimated,1964,3,1097.297362
2823750,mean,estimated,1964,4,2679.327071
2823750,mean,estimated,1964,5,2859.762507
2823750,mean,estimated,1964,6,1836.257773
2823750,mean,estimated,1964,7,678.6734071
2823750,mean,estimated,1964,8,325.3587789
2823750,mean,estimated,1964,9,257.8210925
2823750,mean,estimated,1964,10,252.2965329
2823750,mean,estimated,1964,11,622.0199284
2823750,mean,estimated,1964,12,6278.725161
2823750,mean,estimated,1965,1,3809.128999
2823750,mean,estimated,1965,2,2514.202758
2823750,mean,estimated,1965,3,2420.535458
2823750,mean,estimated,1965,4,4065.195044
2823750,mean,estimated,1965,5,6282.56843
2823750,mean,estimated,1965,6,4007.049954
2823750,mean,estimated,1965,7,1393.997921
2823750,mean,estimated,1965,8,716.2572433
2823750,mean,estimated,1965,9,388.6707942
2823750,mean,estimated,1965,10,398.8007501
2823750,mean,estimated,1965,11,1497.165668
2823750,mean,estimated,1965,12,1455.290514
2823750,mean,estimated,1966,1,1064.938807
2823750,mean,estimated,1966,2,1036.048434
2823750,mean,estimated,1966,3,1753.451609
2823750,mean,estimated,1966,4,3350.692715
2823750,mean,estimated,1966,5,3723.517603
2823750,mean,estimated,1966,6,1279.443223
2823750,mean,estimated,1966,7,590.2697712
2823750,mean,estimated,1966,8,310.34928
2823750,mean,estimated,1966,9,272.4101846
2823750,mean,estimated,1966,10,239.4466326
2823750,mean,estimated,1966,11,477.2401971
2823750,mean,estimated,1966,12,1447.8392
2823750,mean,estimated,1967,1,2379.41334
2823750,mean,estimated,1967,2,1832.88268
2823750,mean,estimated,1967,3,3523.227108
2823750,mean,estimated,1967,4,4753.918427
2823750,mean,estimated,1967,5,9898.861342
2823750,mean,estimated,1967,6,8542.357572
2823750,mean,estimated,1967,7,3115.334717
2823750,mean,estimated,1967,8,900.642776
2823750,mean,estimated,1967,9,743.6548104
2823750,mean,estimated,1967,10,493.9777572
2823750,mean,estimated,1967,11,404.4445044
2823750,mean,estimated,1967,12,653.1519721
2823750,mean,estimated,1968,1,675.3329582
2823750,mean,estimated,1968,2,1249.341862
2823750,mean,estimated,1968,3,1511.926075
2823750,mean,estimated,1968,4,2530.982774
2823750,mean,estimated,1968,5,3067.925203
2823750,mean,estimated,1968,6,1443.846299
2823750,mean,estimated,1968,7,511.704685
2823750,mean,estimated,1968,8,312.1486232
2823750,mean,estimated,1968,9,237.2326279
2823750,mean,estimated,1968,10,272.7677949
2823750,mean,estimated,1968,11,611.4936871
2823750,mean,estimated,1968,12,988.9909908
2823750,mean,estimated,1969,1,7677.997134
2823750,mean,estimated,1969,2,4392.018422
2823750,mean,estimated,1969,3,3651.976483
2823750,mean,estimated,1969,4,5998.436791
2823750,mean,estimated,1969,5,11438.11141
2823750,mean,estimated,1969,6,7180.130488
2823750,mean,estimated,1969,7,2007.259128
2823750,mean,estimated,1969,8,674.4035126
2823750,mean,estimated,1969,9,394.2752907
2823750,mean,estimated,1969,10,501.4270189
2823750,mean,estimated,1969,11,524.7089277
2823750,mean,estimated,1969,12,827.6414134
2823750,mean,estimated,1970,1,3990.91408
2823750,mean,estimated,1970,2,2232.158713
2823750,mean,estimated,1970,3,1980.304352
2823750,mean,estimated,1970,4,3218.71376
2823750,mean,estimated,1970,5,5290.213727
2823750,mean,estimated,1970,6,2591.311832
2823750,mean,estimated,1970,7,920.5692522
2823750,mean,estimated,1970,8,569.8503828
2823750,mean,estimated,1970,9,351.196583
2823750,mean,estimated,1970,10,319.0535972
2823750,mean,estimated,1970,11,784.675934
2823750,mean,estimated,1970,12,1666.475888
2823750,mean,estimated,1971,1,1315.651037
2823750,mean,estimated,1971,2,1270.338364
2823750,mean,estimated,1971,3,1895.907284
2823750,mean,estimated,1971,4,3301.39873
2823750,mean,estimated,1971,5,4477.984433
2823750,mean,estimated,1971,6,2256.368107
2823750,mean,estimated,1971,7,968.9053963
2823750,mean,estimated,1971,8,533.2711895
2823750,mean,estimated,1971,9,392.7059416
2823750,mean,estimated,1971,10,318.6890636
2823750,mean,estimated,1971,11,434.8112932
2823750,mean,estimated,1971,12,1042.368273
2823750,mean,estimated,1972,1,853.7297446
2823750,mean,estimated,1972,2,1103.590749
2823750,mean,estimated,1972,3,1959.18114
2823750,mean,estimated,1972,4,2489.649484
2823750,mean,estimated,1972,5,3903.292565
2823750,mean,estimated,1972,6,1775.775012
2823750,mean,estimated,1972,7,796.4167555
2823750,mean,estimated,1972,8,403.5389339
2823750,mean,estimated,1972,9,340.4768508
2823750,mean,estimated,1972,10,299.1070614
2823750,mean,estimated,1972,11,433.4078711
2823750,mean,estimated,1972,12,789.0870245
2823750,mean,estimated,1973,1,1347.808656
2823750,mean,estimated,1973,2,2273.583846
2823750,mean,estimated,1973,3,2452.933701
2823750,mean,estimated,1973,4,4093.955136
2823750,mean,estimated,1973,5,6509.28674
2823750,mean,estimated,1973,6,3119.231489
2823750,mean,estimated,1973,7,964.8449426
2823750,mean,estimated,1973,8,523.0027767
2823750,mean,estimated,1973,9,322.7258267
2823750,mean,estimated,1973,10,368.5522106
2823750,mean,estimated,1973,11,1364.231291
2823750,mean,estimated,1973,12,1950.110531
2823750,mean,estimated,1974,1,1848.731219
2823750,mean,estimated,1974,2,1564.034358
2823750,mean,estimated,1974,3,2871.865663
2823750,mean,estimated,1974,4,4002.229561
2823750,mean,estimated,1974,5,6940.568412
2823750,mean,estimated,1974,6,2978.92652
2823750,mean,estimated,1974,7,1253.266776
2823750,mean,estimated,1974,8,606.9635524
2823750,mean,estimated,1974,9,337.5057093
2823750,mean,estimated,1974,10,384.9620755
2823750,mean,estimated,1974,11,412.3789303
2823750,mean,estimated,1974,12,638.6398585
2823750,mean,estimated,1975,1,577.2445086
2823750,mean,estimated,1975,2,2027.175904
2823750,mean,estimated,1975,3,2861.201604
2823750,mean,estimated,1975,4,3843.751562
2823750,mean,estimated,1975,5,7071.627705
2823750,mean,estimated,1975,6,7846.309737
2823750,mean,estimated,1975,7,1454.936365
2823750,mean,estimated,1975,8,643.2231438
2823750,mean,estimated,1975,9,373.4931718
2823750,mean,estimated,1975,10,836.8644489
2823750,mean,estimated,1975,11,645.3927947
2823750,mean,estimated,1975,12,620.8898853
2823750,mean,estimated,1976,1,460.3029874
2823750,mean,estimated,1976,2,570.311792
2823750,mean,estimated,1976,3,666.381894
2823750,mean,estimated,1976,4,1626.515658
2823750,mean,estimated,1976,5,1995.430172
2823750,mean,estimated,1976,6,860.1389043
2823750,mean,estimated,1976,7,392.6454023
2823750,mean,estimated,1976,8,315.9291531
2823750,mean,estimated,1976,9,287.4661439
2823750,mean,estimated,1976,10,315.9167779
2823750,mean,estimated,1976,11,224.5013602
2823750,mean,estimated,1976,12,399.901331
2823750,mean,estimated,1977,1,254.1202524
2823750,mean,estimated,1977,2,331.8681179
2823750,mean,estimated,1977,3,374.6661283
2823750,mean,estimated,1977,4,1028.001344
2823750,mean,estimated,1977,5,1522.979123
2823750,mean,estimated,1977,6,1188.648175
2823750,mean,estimated,1977,7,321.6375086
2823750,mean,estimated,1977,8,206.8214089
2823750,mean,estimated,1977,9,149.7535749
2823750,mean,estimated,1977,10,177.7163952
2823750,mean,estimated,1977,11,256.8006497
2823750,mean,estimated,1977,12,1244.769436
2823750,mean,estimated,1978,1,2451.149096
2823750,mean,estimated,1978,2,3325.702283
2823750,mean,estimated,1978,3,4428.71878
2823750,mean,estimated,1978,4,5892.297964
2823750,mean,estimated,1978,5,8796.252749
2823750,mean,estimated,1978,6,6373.676059
2823750,mean,estimated,1978,7,1870.093772
2823750,mean,estimated,1978,8,659.9221316
2823750,mean,estimated,1978,9,656.5945329
2823750,mean,estimated,1978,10,517.0389372
2823750,mean,estimated,1978,11,368.9784514
2823750,mean,estimated,1978,12,617.0667652
2823750,mean,estimated,1979,1,1591.791062
2823750,mean,estimated,1979,2,2042.388117
2823750,mean,estimated,1979,3,2657.001055
2823750,mean,estimated,1979,4,3967.091565
2823750,mean,estimated,1979,5,6461.567836
2823750,mean,estimated,1979,6,3409.66765
2823750,mean,estimated,1979,7,998.6694541
2823750,mean,estimated,1979,8,516.6163054
2823750,mean,estimated,1979,9,315.797846
2823750,mean,estimated,1979,10,376.7742697
2823750,mean,estimated,1979,11,527.1326356
2823750,mean,estimated,1979,12,732.3424651
2823750,mean,estimated,1980,1,5623.294818
2823750,mean,estimated,1980,2,5395.272048
2823750,mean,estimated,1980,3,3690.052578
2823750,mean,estimated,1980,4,5312.426896
2823750,mean,estimated,1980,5,8272.297076
2823750,mean,estimated,1980,6,5396.134606
2823750,mean,estimated,1980,7,1861.105081
2823750,mean,estimated,1980,8,608.0308079
2823750,mean,estimated,1980,9,381.9925289
2823750,mean,estimated,1980,10,401.492038
2823750,mean,estimated,1980,11,336.9101976
2823750,mean,estimated,1980,12,534.937895
2823750,mean,estimated,1981,1,864.2360647
2823750,mean,estimated,1981,2,1245.3044
2823750,mean,estimated,1981,3,1749.144388
2823750,mean,estimated,1981,4,2963.898078
2823750,mean,estimated,1981,5,4159.322562
2823750,mean,estimated,1981,6,1884.864317
2823750,mean,estimated,1981,7,665.6863743
2823750,mean,estimated,1981,8,372.2153994
2823750,mean,estimated,1981,9,341.9451703
2823750,mean,estimated,1981,10,414.9972439
2823750,mean,estimated,1981,11,1380.848693
2823750,mean,estimated,1981,12,2027.353341
2823750,mean,estimated,1982,1,2605.355974
2823750,mean,estimated,1982,2,4046.181234
2823750,mean,estimated,1982,3,5504.328717
2823750,mean,estimated,1982,4,6721.709029
2823750,mean,estimated,1982,5,10453.44975
2823750,mean,estimated,1982,6,7482.884121
2823750,mean,estimated,1982,7,2278.205056
2823750,mean,estimated,1982,8,797.9858559
2823750,mean,estimated,1982,9,1020.716109
2823750,mean,estimated,1982,10,1341.670081
2823750,mean,estimated,1982,11,3102.036409
2823750,mean,estimated,1982,12,3064.082367
2823750,mean,estimated,1983,1,3499.82819
2823750,mean,estimated,1983,2,5139.098239
2823750,mean,estimated,1983,3,6747.818939
2823750,mean,estimated,1983,4,6493.177636
2823750,mean,estimated,1983,5,10871.13093
2823750,mean,estimated,1983,6,9173.876645
2823750,mean,estimated,1983,7,3453.206742
2823750,mean,estimated,1983,8,928.264704
2823750,mean,estimated,1983,9,919.8606437
2823750,mean,estimated,1983,10,629.7398074
2823750,mean,estimated,1983,11,2993.977223
2823750,mean,estimated,1983,12,5093.057334
2823750,mean,estimated,1984,1,3316.638417
2823750,mean,estimated,1984,2,2395.65896
2823750,mean,estimated,1984,3,2383.337732
2823750,mean,estimated,1984,4,3542.104404
2823750,mean,estimated,1984,5,5450.594124
2823750,mean,estimated,1984,6,1856.344552
2823750,mean,estimated,1984,7,1030.846832
2823750,mean,estimated,1984,8,639.034808
2823750,mean,estimated,1984,9,429.6537662
2823750,mean,estimated,1984,10,398.4985889
2823750,mean,estimated,1984,11,1116.29954
2823750,mean,estimated,1984,12,1160.255159
2823750,mean,estimated,1985,1,773.5139306
2823750,mean,estimated,1985,2,926.177084
2823750,mean,estimated,1985,3,1695.349608
2823750,mean,estimated,1985,4,3666.549884
2823750,mean,estimated,1985,5,3627.633124
2823750,mean,estimated,1985,6,1773.745544
2823750,mean,estimated,1985,7,720.9216606
2823750,mean,estimated,1985,8,450.377684
2823750,mean,estimated,1985,9,505.6721055
2823750,mean,estimated,1985,10,492.0844069
2823750,mean,estimated,1985,11,639.8832347
2823750,mean,estimated,1985,12,927.3896048
2823750,mean,estimated,1986,1,1224.501038
2823750,mean,estimated,1986,2,6469.165207
2823750,mean,estimated,1986,3,5326.832123
2823750,mean,estimated,1986,4,5138.073182
2823750,mean,estimated,1986,5,7023.796343
2823750,mean,estimated,1986,6,3573.494392
2823750,mean,estimated,1986,7,1070.058077
2823750,mean,estimated,1986,8,558.3373455
2823750,mean,estimated,1986,9,523.4093701
2823750,mean,estimated,1986,10,455.0252202
2823750,mean,estimated,1986,11,284.3059684
2823750,mean,estimated,1986,12,418.3753994
2823750,mean,estimated,1987,1,378.3419041
2823750,mean,estimated,1987,2,632.5692298
2823750,mean,estimated,1987,3,1036.688456
2823750,mean,estimated,1987,4,2086.276454
2823750,mean,estimated,1987,5,2607.021731
2823750,mean,estimated,1987,6,1377.466882
2823750,mean,estimated,1987,7,507.5056011
2823750,mean,estimated,1987,8,333.2293417
2823750,mean,estimated,1987,9,296.7408602
2823750,mean,estimated,1987,10,334.4375378
2823750,mean,estimated,1987,11,369.4960939
2823750,mean,estimated,1987,12,585.5610528
2823750,mean,estimated,1988,1,622.4498188
2823750,mean,estimated,1988,2,971.3034231
2823750,mean,estimated,1988,3,1231.437886
2823750,mean,estimated,1988,4,2017.061695
2823750,mean,estimated,1988,5,2678.062022
2823750,mean,estimated,1988,6,1484.824926
2823750,mean,estimated,1988,7,630.9627926
2823750,mean,estimated,1988,8,367.6069393
2823750,mean,estimated,1988,9,307.6328359
2823750,mean,estimated,1988,10,240.8624788
2823750,mean,estimated,1988,11,363.918904
2823750,mean,estimated,1988,12,698.1164432
2823750,mean,estimated,1989,1,572.4020892
2823750,mean,estimated,1989,2,876.0542997
2823750,mean,estimated,1989,3,2131.641644
2823750,mean,estimated,1989,4,3680.66791
2823750,mean,estimated,1989,5,4529.770441
2823750,mean,estimated,1989,6,2195.372866
2823750,mean,estimated,1989,7,654.4428279
2823750,mean,estimated,1989,8,357.4166928
2823750,mean,estimated,1989,9,488.3869435
2823750,mean,estimated,1989,10,539.9117871
2823750,mean,estimated,1989,11,462.5940377
2823750,mean,estimated,1989,12,602.5482303
2823750,mean,estimated,1990,1,533.8929935
2823750,mean,estimated,1990,2,793.3679181
2823750,mean,estimated,1990,3,1201.166921
2823750,mean,estimated,1990,4,2171.216114
2823750,mean,estimated,1990,5,2536.85594
2823750,mean,estimated,1990,6,1322.90619
2823750,mean,estimated,1990,7,628.1583652
2823750,mean,estimated,1990,8,399.1402941
2823750,mean,estimated,1990,9,266.3059985
2823750,mean,estimated,1990,10,261.9342642
2823750,mean,estimated,1990,11,250.2130431
2823750,mean,estimated,1990,12,449.9377367
2823750,mean,estimated,1991,1,260.260682
2823750,mean,estimated,1991,2,312.573276
2823750,mean,estimated,1991,3,1364.13366
2823750,mean,estimated,1991,4,3214.532447
2823750,mean,estimated,1991,5,4634.54721
2823750,mean,estimated,1991,6,3006.598232
2823750,mean,estimated,1991,7,933.694449
2823750,mean,estimated,1991,8,474.0309704
2823750,mean,estimated,1991,9,350.0032226
2823750,mean,estimated,1991,10,357.3662973
2823750,mean,estimated,1991,11,409.554986
2823750,mean,estimated,1991,12,565.0980924
2823750,mean,estimated,1992,1,411.4232785
2823750,mean,estimated,1992,2,1148.454388
2823750,mean,estimated,1992,3,1456.251636
2823750,mean,estimated,1992,4,2621.726795
2823750,mean,estimated,1992,5,2645.714283
2823750,mean,estimated,1992,6,1291.419907
2823750,mean,estimated,1992,7,479.481152
2823750,mean,estimated,1992,8,272.6854363
2823750,mean,estimated,1992,9,228.3827858
2823750,mean,estimated,1992,10,294.1148962
2823750,mean,estimated,1992,11,309.5083498
2823750,mean,estimated,1992,12,700.6487823
2823750,mean,estimated,1993,1,1920.869581
2823750,mean,estimated,1993,2,2380.808197
2823750,mean,estimated,1993,3,3591.782497
2823750,mean,estimated,1993,4,4434.832152
2823750,mean,estimated,1993,5,7790.352232
2823750,mean,estimated,1993,6,5222.206997
2823750,mean,estimated,1993,7,1672.704995
2823750,mean,estimated,1993,8,622.3296605
2823750,mean,estimated,1993,9,324.9606188
2823750,mean,estimated,1993,10,377.1935251
2823750,mean,estimated,1993,11,429.1311924
2823750,mean,estimated,1993,12,594.6015059
2823750,mean,estimated,1994,1,440.729662
2823750,mean,estimated,1994,2,755.2950543
2823750,mean,estimated,1994,3,1102.047339
2823750,mean,estimated,1994,4,1960.714306
2823750,mean,estimated,1994,5,2897.008169
2823750,mean,estimated,1994,6,1496.794156
2823750,mean,estimated,1994,7,445.8466334
2823750,mean,estimated,1994,8,274.492588
2823750,mean,estimated,1994,9,235.857405
2823750,mean,estimated,1994,10,265.281654
2823750,mean,estimated,1994,11,680.2706814
2823750,mean,estimated,1994,12,719.9976032
2823750,mean,estimated,1995,1,4739.757569
2823750,mean,estimated,1995,2,2317.861222
2823750,mean,estimated,1995,3,6197.928344
2823750,mean,estimated,1995,4,6596.49936
2823750,mean,estimated,1995,5,9911.86659
2823750,mean,estimated,1995,6,10678.24355
2823750,mean,estimated,1995,7,3704.576807
2823750,mean,estimated,1995,8,792.0300399
2823750,mean,estimated,1995,9,509.8494095
2823750,mean,estimated,1995,10,402.5104856
2823750,mean,estimated,1995,11,300.2983851
2823750,mean,estimated,1995,12,1062.358781
2823750,mean,estimated,1996,1,1536.820394
2823750,mean,estimated,1996,2,3571.699513
2823750,mean,estimated,1996,3,2855.997927
2823750,mean,estimated,1996,4,4473.668574
2823750,mean,estimated,1996,5,8514.605927
2823750,mean,estimated,1996,6,4771.456719
2823750,mean,estimated,1996,7,1638.533441
2823750,mean,estimated,1996,8,704.1689066
2823750,mean,estimated,1996,9,402.8446275
2823750,mean,estimated,1996,10,432.7678734
2823750,mean,estimated,1996,11,1256.644599
2823750,mean,estimated,1996,12,3823.631282
2823750,mean,estimated,1997,1,9592.742205
2823750,mean,estimated,1997,2,3354.245548
2823750,mean,estimated,1997,3,2785.813231
2823750,mean,estimated,1997,4,4274.236871
2823750,mean,estimated,1997,5,5692.304426
2823750,mean,estimated,1997,6,3469.489303
2823750,mean,estimated,1997,7,1119.28532
2823750,mean,estimated,1997,8,551.5143929
2823750,mean,estimated,1997,9,340.3248728
2823750,mean,estimated,1997,10,329.6316893
2823750,mean,estimated,1997,11,394.8997299
2823750,mean,estimated,1997,12,656.0862419
2823750,mean,estimated,1998,1,1671.474009
2823750,mean,estimated,1998,2,3580.950501
2823750,mean,estimated,1998,3,3837.203014
2823750,mean,estimated,1998,4,5125.19868
2823750,mean,estimated,1998,5,8723.386201
2823750,mean,estimated,1998,6,7698.392048
2823750,mean,estimated,1998,7,2615.502475
2823750,mean,estimated,1998,8,658.4940516
2823750,mean,estimated,1998,9,607.8554301
2823750,mean,estimated,1998,10,482.7847741
2823750,mean,estimated,1998,11,487.2588384
2823750,mean,estimated,1998,12,755.5419827
2823750,mean,estimated,1999,1,1447.98395
2823750,mean,estimated,1999,2,3089.406701
2823750,mean,estimated,1999,3,2019.47237
2823750,mean,estimated,1999,4,3659.758102
2823750,mean,estimated,1999,5,5557.877934
2823750,mean,estimated,1999,6,2228.461984
2823750,mean,estimated,1999,7,762.6933146
2823750,mean,estimated,1999,8,369.8704043
2823750,mean,estimated,1999,9,307.760924
2823750,mean,estimated,1999,10,291.1673457
2823750,mean,estimated,1999,11,324.28253
2823750,mean,estimated,1999,12,538.9021881
2823750,mean,estimated,2000,1,1179.481764
2823750,mean,estimated,2000,2,3675.295828
2823750,mean,estimated,2000,3,2540.848876
2823750,mean,estimated,2000,4,4255.269804
2823750,mean,estimated,2000,5,5650.995812
2823750,mean,estimated,2000,6,2933.096886
2823750,mean,estimated,2000,7,817.2943083
2823750,mean,estimated,2000,8,383.6648221
2823750,mean,estimated,2000,9,400.2302113
2823750,mean,estimated,2000,10,425.3664311
2823750,mean,estimated,2000,11,329.2052895
2823750,mean,estimated,2000,12,521.3612269
2823750,mean,estimated,2001,1,452.3331296
2823750,mean,estimated,2001,2,812.6845739
2823750,mean,estimated,2001,3,1471.795403
2823750,mean,estimated,2001,4,2639.382642
2823750,mean,estimated,2001,5,3620.69908
2823750,mean,estimated,2001,6,1384.392403
2823750,mean,estimated,2001,7,489.8837609
2823750,mean,estimated,2001,8,290.3748464
2823750,mean,estimated,2001,9,239.0624523
2823750,mean,estimated,2001,10,254.4881776
2823750,mean,estimated,2001,11,492.473444
2823750,mean,estimated,2001,12,1123.953173
2823750,mean,estimated,2002,1,1083.900533
2823750,mean,estimated,2002,2,1050.088657
2823750,mean,estimated,2002,3,1374.46563
2823750,mean,estimated,2002,4,3350.541994
2823750,mean,estimated,2002,5,3984.016243
2823750,mean,estimated,2002,6,943.268149
2823750,mean,estimated,2002,7,212.0059358
2823750,mean,estimated,2002,8,137.1023082
2823750,mean,estimated,2002,9,68.03241333
2823750,mean,estimated,2002,10,164.703909
2823750,mean,estimated,2002,11,577.6742423
2823750,mean,estimated,2002,12,1301.630352
2823750,mean,estimated,2003,1,1001.340207
2823750,mean,estimated,2003,2,1062.826879
2823750,mean,estimated,2003,3,1556.973868
2823750,mean,estimated,2003,4,3210.202999
2823750,mean,estimated,2003,5,5411.10481
2823750,mean,estimated,2003,6,3113.319105
2823750,mean,estimated,2003,7,957.1834225
2823750,mean,estimated,2003,8,517.8067521
2823750,mean,estimated,2003,9,349.354018
2823750,mean,estimated,2003,10,257.3905291
2823750,mean,estimated,2003,11,209.9841596
2823750,mean,estimated,2003,12,1080.24864
2823750,mean,estimated,2004,1,1175.783974
2823750,mean,estimated,2004,2,1669.291787
2823750,mean,estimated,2004,3,1773.033225
2823750,mean,estimated,2004,4,2932.96661
2823750,mean,estimated,2004,5,3965.826452
2823750,mean,estimated,2004,6,1652.048233
2823750,mean,estimated,2004,7,607.0704883
2823750,mean,estimated,2004,8,332.4139758
2823750,mean,estimated,2004,9,270.1715502
2823750,mean,estimated,2004,10,510.802985
2823750,mean,estimated,2004,11,593.9309734
2823750,mean,estimated,2004,12,1052.661451
2823750,mean,estimated,2005,1,2676.417182
2823750,mean,estimated,2005,2,3018.782633
2823750,mean,estimated,2005,3,3936.704714
2823750,mean,estimated,2005,4,4232.917139
2823750,mean,estimated,2005,5,8282.813709
2823750,mean,estimated,2005,6,4879.759291
2823750,mean,estimated,2005,7,1742.425901
2823750,mean,estimated,2005,8,562.6918919
2823750,mean,estimated,2005,9,434.0339467
2823750,mean,estimated,2005,10,370.9111432
2823750,mean,estimated,2005,11,421.6306267
2823750,mean,estimated,2005,12,2027.561955
2823750,mean,estimated,2006,1,2460.292499
2823750,mean,estimated,2006,2,2194.296937
2823750,mean,estimated,2006,3,3652.154271
2823750,mean,estimated,2006,4,6232.870516
2823750,mean,estimated,2006,5,11399.80381
2823750,mean,estimated,2006,6,7003.048385
2823750,mean,estimated,2006,7,1821.152222
2823750,mean,estimated,2006,8,837.619303
2823750,mean,estimated,2006,9,578.1359837
2823750,mean,estimated,2006,10,454.5929552
2823750,mean,estimated,2006,11,343.6324434
2823750,mean,estimated,2006,12,601.5124735
2823750,mean,estimated,2007,1,526.5254772
2823750,mean,estimated,2007,2,1497.4736
2823750,mean,estimated,2007,3,1462.80524
2823750,mean,estimated,2007,4,2225.994959
2823750,mean,estimated,2007,5,2733.079324
2823750,mean,estimated,2007,6,831.7165427
2823750,mean,estimated,2007,7,256.3533517
2823750,mean,estimated,2007,8,173.7684125
2823750,mean,estimated,2007,9,161.8799195
2823750,mean,estimated,2007,10,203.2047205
2823750,mean,estimated,2007,11,192.8382883
2823750,mean,estimated,2007,12,498.3058328
2823750,mean,estimated,2008,1,737.5253578
2823750,mean,estimated,2008,2,1740.222011
2823750,mean,estimated,2008,3,1770.90529
2823750,mean,estimated,2008,4,2854.188023
2823750,mean,estimated,2008,5,4028.776004
2823750,mean,estimated,2008,6,2220.041905
2823750,mean,estimated,2008,7,734.9011483
2823750,mean,estimated,2008,8,410.1668689
2823750,mean,estimated,2008,9,274.5992214
2823750,mean,estimated,2008,10,263.4884696
2823750,mean,estimated,2008,11,412.7017703
2823750,mean,estimated,2008,12,553.1221982
2823750,mean,estimated,2009,1,878.9273886
2823750,mean,estimated,2009,2,1833.446299
2823750,mean,estimated,2009,3,2212.522222
2823750,mean,estimated,2009,4,3590.070841
2823750,mean,estimated,2009,5,5555.766826
2823750,mean,estimated,2009,6,3010.141268
2823750,mean,estimated,2009,7,851.4371919
2823750,mean,estimated,2009,8,392.511247
2823750,mean,estimated,2009,9,296.7560123
2823750,mean,estimated,2009,10,389.2700464
2823750,mean,estimated,2009,11,313.8482097
2823750,mean,estimated,2009,12,711.5237821
2823750,mean,estimated,2010,1,1201.74047
2823750,mean,estimated,2010,2,2020.061835
2823750,mean,estimated,2010,3,1836.509625
2823750,mean,estimated,2010,4,3387.480913
2823750,mean,estimated,2010,5,5953.447003
2823750,mean,estimated,2010,6,4434.81001
2823750,mean,estimated,2010,7,1421.783856
2823750,mean,estimated,2010,8,531.0984591
2823750,mean,estimated,2010,9,401.0320844
2823750,mean,estimated,2010,10,873.1533328
2823750,mean,estimated,2010,11,1362.207127
2823750,mean,estimated,2010,12,2643.969867
2823750,mean,estimated,2011,1,2543.689623
2823750,mean,estimated,2011,2,3010.41571
2823750,mean,estimated,2011,3,5527.972864
2823750,mean,estimated,2011,4,5650.596159
2823750,mean,estimated,2011,5,7694.21041
2823750,mean,estimated,2011,6,6584.725545
2823750,mean,estimated,2011,7,1904.30143
2823750,mean,estimated,2011,8,729.5241205
2823750,mean,estimated,2011,9,539.6862413
2823750,mean,estimated,2011,10,547.9732561
2823750,mean,estimated,2011,11,464.3597937
2823750,mean,estimated,2011,12,643.7449184
2823750,mean,estimated,2012,1,544.0445347
2823750,mean,estimated,2012,2,686.4368196
2823750,mean,estimated,2012,3,916.7947043
2823750,mean,estimated,2012,4,2578.485994
2823750,mean,estimated,2012,5,3045.473316
2823750,mean,estimated,2012,6,1731.172914
2823750,mean,estimated,2012,7,520.6182731
2823750,mean,estimated,2012,8,401.1153817
2823750,mean,estimated,2012,9,261.4116082
2823750,mean,estimated,2012,10,233.5125894
2823750,mean,estimated,2012,11,381.245572
2823750,mean,estimated,2012,12,2131.239856
2823750,mean,estimated,2013,1,1034.530017
2823750,mean,estimated,2013,2,1179.168855
2823750,mean,estimated,2013,3,1497.616225
2823750,mean,estimated,2013,4,2816.994071
2823750,mean,estimated,2013,5,3601.564278
2823750,mean,estimated,2013,6,1388.144437
2823750,mean,estimated,2013,7,528.8032479
2823750,mean,estimated,2013,8,310.1271209
2823750,mean,estimated,2013,9,246.4551744
2823750,mean,estimated,2013,10,221.7264143
2823750,mean,estimated,2013,11,280.83632
2823750,mean,estimated,2013,12,469.0607567
2823750,mean,estimated,2014,1,253.0597717
2823750,mean,estimated,2014,2,575.218368
2823750,mean,estimated,2014,3,841.1734568
2823750,mean,estimated,2014,4,2112.182884
2823750,mean,estimated,2014,5,2562.483853
2823750,mean,estimated,2014,6,756.2464867
2823750,mean,estimated,2014,7,250.2594951
2823750,mean,estimated,2014,8,174.4136265
2823750,mean,estimated,2014,9,158.7964017
2823750,mean,estimated,2014,10,174.1912741
2823750,mean,estimated,2014,11,150.5639673
2823750,mean,estimated,2014,12,575.500328
2823750,mean,estimated,2015,1,415.6814095
2823750,mean,estimated,2015,2,691.0828487
2823750,mean,estimated,2015,3,1006.294576
2823750,mean,estimated,2015,4,1758.407256
2823750,mean,estimated,2015,5,2328.468387
2823750,mean,estimated,2015,6,663.4306173
2823750,mean,estimated,2015,7,226.3130521
2823750,mean,estimated,2015,8,161.6113548
2823750,mean,estimated,2015,9,136.9407301
2823750,mean,estimated,2015,10,163.0417239
2823750,mean,estimated,2015,11,301.5112585
2823750,mean,estimated,2015,12,895.5786227
2823750,mean,estimated,2016,1,1660.261354
2823750,mean,estimated,2016,2,1464.387084
2823750,mean,estimated,2016,3,3072.044153
2823750,mean,estimated,2016,4,3791.06651
2823750,mean,estimated,2016,5,5393.101285
2823750,mean,estimated,2016,6,2868.979171
2823750,mean,estimated,2016,7,893.9639059
2823750,mean,estimated,2016,8,485.5913938
2823750,mean,estimated,2016,9,391.5217929
2823750,mean,estimated,2016,10,720.5025971
2823750,mean,estimated,2016,11,896.24532
2823750,mean,estimated,2016,12,1254.018738
2823750,mean,estimated,2017,1,8249.986872
2823750,mean,estimated,2017,2,7190.617889
2823750,mean,estimated,2017,3,4505.81434
2823750,mean,estimated,2017,4,6523.965516
2823750,mean,estimated,2017,5,11022.81509
2823750,mean,estimated,2017,6,5746.995043
2823750,mean,estimated,2017,7,2088.674986
2823750,mean,estimated,2017,8,859.2566654
2823750,mean,estimated,2017,9,815.0879428
2823750,mean,estimated,2017,10,630.0142279
2823750,mean,estimated,2017,11,546.1109989
2823750,mean,estimated,2017,12,787.9793505
2823750,mean,estimated,2018,1,717.9559577
2823750,mean,estimated,2018,2,711.1501988
2823750,mean,estimated,2018,3,1748.414183
2823750,mean,estimated,2018,4,4082.385479
2823750,mean,estimated,2018,5,4820.500229
2823750,mean,estimated,2018,6,2331.17194
2823750,mean,estimated,2018,7,820.8043106
2823750,mean,estimated,2018,8,569.6547202
2823750,mean,estimated,2018,9,499.523868
2823750,mean,estimated,2018,10,318.1661916
2823750,mean,estimated,2018,11,637.0652725
2823750,mean,estimated,2018,12,787.210603
2823750,mean,estimated,2019,1,1087.330831
2823750,mean,estimated,2019,2,2537.629953
2823750,mean,estimated,2019,3,3638.732885
2823750,mean,estimated,2019,4,5072.738344
2823750,mean,estimated,2019,5,7498.312361
2823750,mean,estimated,2019,6,4220.683284
2823750,mean,estimated,2019,7,1473.916976
2823750,mean,estimated,2019,8,612.05905
2823750,mean,estimated,2019,9,417.3252164
2823750,mean,estimated,2019,10,399.8101292
2823750,mean,estimated,2019,11,352.0520469
2823750,mean,estimated,2019,12,979.3339408
2823750,mean,estimated,2020,1,644.2543404
2823750,mean,estimated,2020,2,927.4758249
2823750,mean,estimated,2020,3,832.289124
2823750,mean,estimated,2020,4,2060.690083
2823750,mean,estimated,2020,5,3291.006834
2823750,mean,estimated,2020,6,1884.687052
2823750,mean,estimated,2020,7,556.0293645
2823750,mean,estimated,2020,8,364.5395941
2823750,mean,estimated,2020,9,303.7840181
2823750,mean,estimated,2020,10,252.9079418
2823750,mean,estimated,2020,11,242.1826347
2823750,mean,estimated,2020,12,531.1218769
2823750,mean,estimated,2021,1,684.635179
2823750,mean,estimated,2021,2,866.5467998
2823750,mean,estimated,2021,3,974.3731971
2823750,mean,estimated,2021,4,1862.320771
2823750,mean,estimated,2021,5,2546.17874
2823750,mean,estimated,2021,6,1364.135657
2823750,mean,estimated,2021,7,508.2057801
2823750,mean,estimated,2021,8,344.4230218
2823750,mean,estimated,2021,9,305.5027257
2823750,mean,estimated,2021,10,535.620586
2823750,mean,estimated,2021,11,491.8275938
2823750,mean,estimated,2021,12,1649.652905
2823750,mean,estimated,2022,1,1306.203629
2823750,mean,estimated,2022,2,1101.173509
2823750,mean,estimated,2022,3,1254.518179
2823750,mean,estimated,2022,4,2185.301224
2823750,mean,estimated,2022,5,2617.140142
2823750,mean,estimated,2022,6,860.5427297
2823750,mean,estimated,2022,7,451.5442553
2823750,mean,estimated,2022,8,340.0701354
2823750,mean,estimated,2022,9,433.0550512
2823750,mean,estimated,2022,10,375.1132087
2823750,mean,estimated,2022,11,321.3724314
2823750,mean,estimated,2022,12,2054.077264
2823750,mean,estimated,2023,1,7010.943755
2823750,mean,estimated,2023,2,3177.152935
2823750,mean,estimated,2023,3,5618.528046
2823750,mean,estimated,2023,4,6786.738213
2823750,mean,estimated,2023,5,10448.108
2823750,mean,estimated,2023,6,7628.476823
2823750,mean,estimated,2023,7,2764.380828
2823750,mean,estimated,2023,8,823.083914
2823750,mean,estimated,2023,9,722.5088952
2823750,mean,estimated,2023,10,497.248253
